podcast,RSS feed
business,https://rss.art19.com/the-investors-podcast
business,https://feeds.megaphone.fm/listen-money-matters
business,https://www.quickanddirtytips.com/money.xml
business,https://feeds.megaphone.fm/somoney
business,https://feeds.megaphone.fm/richdad
business,https://feeds.megaphone.fm/clarkhoward
business,https://doughroller.libsyn.com/rss
business,https://radicalpersonalfinance.libsyn.com/rss
business,https://moneytreeinvesting.libsyn.com/rss
business,https://static.adorilabs.com/feed/paisa-vaisa.xml
business,https://rss.art19.com/millennial-money
business,https://feeds.captivate.fm/uncover-wealth-radio/
business,https://economictimes.indiatimes.com/rssfeedspodcast.xml
business,https://audioboom.com/channels/4959898.rss
business,https://bqallyouneedtoknow.libsyn.com/rss
business,https://anchor.fm/s/27c4398/podcast/rss
business,https://anchor.fm/s/37a76020/podcast/rss
business,https://feed.podbean.com/teamcashflo/feed.xml
business,https://feeds.buzzsprout.com/1206173.rss
business,https://feeds.buzzsprout.com/1721986.rss
meditation,https://trackstorelaxpodcast.com/rss
meditation,https://anchor.fm/s/1d88a9b0/podcast/rss
meditation,http://www.ejunto.org/feeds/edwards.xml
meditation,https://rss.art19.com/meditative-story
meditation,https://www.spreaker.com/show/4262945/episodes/feed
meditation,https://meditationoasis.libsyn.com/rss
meditation,https://yogacommunity.libsyn.com/rss
meditation,https://yoga-for-balance.libsyn.com/rss
meditation,https://feeds.buzzsprout.com/236753.rss
meditation,https://henrywins.libsyn.com/rss
psychology,https://sopapa.libsyn.com/rss
psychology,https://audioboom.com/channels/4847417.rss
psychology,https://feeds.npr.org/510307/podcast.xml
psychology,https://feeds.podcastmirror.com/shrink-rap-radio
psychology,https://psychcrunch.libsyn.com/rss
psychology,https://feeds.soundcloud.com/users/soundcloud:users:111679918/sounds.rss
psychology,http://media-podcast.open.ac.uk/feeds/dd303-cognitive-psychology/audio/rss2.xml
shopify,https://feeds.simplecast.com/Ewol_LzH
shopify,https://feeds.simplecast.com/_Mc9bpsL
shopify,https://feeds.buzzsprout.com/171554.rss
shopify,https://feeds.simplecast.com/FLSKiRUo
shopify,https://anchor.fm/s/221c9248/podcast/rss
shopify,https://feeds.acast.com/public/shows/5aaf4a81de914a5c5080f057
shopify,https://www.spreaker.com/show/2410018/episodes/feed
shopify,https://feed.podbean.com/iwd/feed.xml
shopify,https://anchor.fm/s/b04564/podcast/rss
shopify,https://feeds.captivate.fm/ecommercemomentumpodcast
shopify,https://anchor.fm/s/84e67c4/podcast/rss
shopify,https://feeds.transistor.fm/resilient-retail
shopify,https://tipsy-business.libsyn.com/rss
shopify,https://anchor.fm/s/2ed31c0/podcast/rss
shopify,https://feeds.buzzsprout.com/1763290.rss
shopify,https://anchor.fm/s/b04564/podcast/rss
shopify,https://feeds.captivate.fm/ecommercemomentumpodcast
shopify,https://anchor.fm/s/84e67c4/podcast/rss
shopify,https://feeds.transistor.fm/resilient-retail
shopify,https://tipsy-business.libsyn.com/rss
shopify,https://anchor.fm/s/2ed31c0/podcast/rss
shopify,https://feeds.buzzsprout.com/1763290.rss
shopify,https://rss.art19.com/business-casual
shopify,https://feeds.soundcloud.com/users/soundcloud:users:106917886/sounds.rss
shopify,https://feeds.simplecast.com/BP1paWK5
shopify,https://anchor.fm/s/46c00f8/podcast/rss
shopify,https://anchor.fm/s/7468960/podcast/rss
shopify,https://feeds.transistor.fm/the-ecommerce-marketing-show
shopify,https://feeds.transistor.fm/2x-ecommerce-podcast
shopify,https://feeds.buzzsprout.com/338084.rss
shopify,https://anchor.fm/s/1bec0d90/podcast/rss
shopify,https://wherethemoneyis.libsyn.com/rss
shopify,https://feeds.transistor.fm/mindfulcommerce
shopify,https://marketfoolery.libsyn.com/rss
